"","ID","AGE","GENDER","BMI","IATS","IASV_sum","IASP_sum","IAS_01","IAS_03","TAS_sum","TAS_DDF","TAS_DIF","TAS_EOT","TCT_Acc","HCT_logAcc","HCT_Awa","HDT_pccor","confidenceRating","dprime"
"1","POT_1",22,1,21.34066017,NA,NA,92,NA,NA,37,10,13,14,69.0879109180719,4.23640371646518,23.208608007858,NA,47.875,NA
"2","POT_10",24,1,29.6875,NA,NA,70,NA,NA,43,9,24,10,72.8015873015873,3.94687477780089,7.29819360654601,NA,55.75,NA
"3","POT_12",21,1,23.56663223,37,69,83,2,2,57,18,21,18,85.6011904761905,3.60654092731738,30.7388086315853,NA,56.375,NA
"4","POT_13",27,1,21.09375,NA,NA,86,NA,NA,43,14,15,14,70.0238095238095,3.555803787196,10.3090174252965,NA,24.5,NA
"5","POT_14",29,1,19.94321255,NA,NA,91,NA,NA,29,8,9,12,84.1646825396825,3.42699433753758,9.07241975977324,NA,38.625,NA
"6","POT_15",19,2,20.43816558,NA,NA,82,NA,NA,54,19,15,20,82.4537070832421,1.60804896147833,52.211730800514,NA,49.375,NA
"7","POT_16",21,1,21.2585034,36,58,58,2,2,52,12,28,12,56.6426128022321,0,94,NA,94,NA
"8","POT_18",22,1,20.04744562,NA,NA,73,NA,NA,NA,NA,NA,NA,51.4624508784096,3.78883523255969,31.6019845226601,NA,58.75,NA
"9","POT_2",24,2,25.63691716,NA,NA,83,NA,NA,35,7,8,20,61.8622453686806,0.883372246814312,53.7945482939597,NA,58.125,NA
"10","POT_20",23,1,20.76124567,NA,NA,59,NA,NA,NA,NA,NA,NA,87.9572327866592,4.22205680691591,12.5400679162099,NA,76.5,NA
"11","POT_21",22,1,22.65625,NA,NA,74,NA,NA,NA,NA,NA,NA,81.3161734737329,2.47232370011564,28.2191575280685,NA,41.375,NA
"12","POT_22",20,1,19.53125,NA,NA,88,NA,NA,NA,NA,NA,NA,71.7545753035501,0.728891407960528,37.1996107658815,NA,38.875,NA
"13","POT_25",19,2,25.91068435,47,82,90,4,4,49,18,16,15,75.5737569043969,4.30685425154081,14.7102489736964,NA,82.625,NA
"14","POT_27",21,1,20.57142857,43,87,75,4,5,NA,NA,NA,NA,89.2160366531215,3.85913529477785,20.1709824344818,NA,60.2857142857143,NA
"15","POT_28",18,1,22.77318641,40,75,89,4,4,53,18,19,16,84.8313492063492,0.884413064711184,73.2785087719298,NA,76.875,NA
"16","POT_3",24,1,24.09297052,28,76,82,1,4,42,9,24,9,61.1190476190476,2.00386554012565,70.3882952070566,NA,77.5,NA
"17","POT_30",18,1,19.48696145,80,76,82,2,3,NA,NA,NA,NA,56.2273480163655,1.97363733404306,40.1144136996129,NA,50,NA
"18","POT_31",22,1,21.06674327,52,80,84,4,2,NA,NA,NA,NA,69.434153750071,1.88027688588844,45.7620767811237,NA,52.5,NA
"19","POT_32",24,2,17.52781588,46,58,87,3,2,36,9,14,13,83.6009927731951,2.9941535750194,4.63194702942792,NA,20.75,NA
"20","POT_33",21,1,20.90238586,54,68,63,2,2,NA,NA,NA,NA,77.3970157493248,3.42240975014268,11.6349790148012,NA,40.75,NA
"21","POT_34",21,1,26.0261749,49,66,86,4,4,65,24,24,17,82.4458405317501,4.05981567660214,17.7419623193452,NA,76.375,NA
"22","POT_36",19,1,18.92494124,56,71,73,4,2,NA,NA,NA,NA,60.3277626712412,2.2211629173697,74.2977022026439,NA,93.75,NA
"23","POT_38",23,1,19.04432133,44,74,74,4,2,NA,NA,NA,NA,63.3948412698413,0,92.5,NA,92.5,NA
"24","POT_39",47,1,18.01595699,51,75,77,5,4,NA,NA,NA,NA,78.6203600627783,1.99827354150646,74.102440958001,NA,84.125,NA
"25","POT_40",20,1,20.56932966,40,70,102,4,4,34,9,8,17,36.265873015873,1.60658597501101,58.8913702784671,NA,63.25,NA
"26","POT_41",37,2,20.32225287,58,83,55,4,4,NA,NA,NA,NA,84.9160269200509,2.98232202217036,34.8318163000229,NA,54.125,NA
"27","POT_42",20,1,23.4375,44,84,70,4,4,NA,NA,NA,NA,81.6083746988831,4.11657249684609,10.9151677331256,NA,70,NA
"28","POT_43",21,1,20.06920415,38,73,85,4,3,40,11,13,16,92.5365218264107,3.46204829047104,30.8625533206325,NA,46.875,NA
"29","POT_44",21,1,20.28479857,NA,NA,76,NA,NA,NA,NA,NA,NA,49.5158370237892,1.60681398178963,34.1911916404181,NA,40,NA
"30","POT_45",20,1,21.03725347,45,78,102,5,4,50,11,21,18,87.9296808465338,2.87167835814374,59.7340605857999,NA,81.625,NA
"31","POT_47",25,1,20.19946976,60,65,92,4,4,NA,NA,NA,NA,85.7390746283184,3.97986415909699,10.4921652421652,NA,59.25,NA
"32","POT_48",23,1,19.70553242,42,87,95,5,5,27,7,10,10,69.8869047619048,3.52350918836521,44.2848387303698,NA,79.125,NA
"33","POT_49",21,1,21.2585034,56,84,84,5,4,27,10,9,8,83.4766178188189,2.36310605455288,62.5370074616048,NA,75.25,NA
"34","POT_50",23,1,22.64086462,46,85,105,3,4,NA,NA,NA,NA,72.1263299328418,0.130996069481169,80.8935185185185,NA,81.125,NA
"35","POT_51",24,1,23.71184463,41,73,76,4,4,60,16,22,22,49.7102130325815,2.92294298158289,38.2567512093374,NA,66.375,NA
"36","POT_52",33,1,24.38652644,51,70,78,2,2,NA,NA,NA,NA,60.3472222222222,3.49551298047274,10.8363695228683,NA,38.75,NA
"37","POT_53",20,2,20.81165453,49,74,78,5,4,60,17,17,26,49.3233772132597,0.57377816519405,61.9212457016346,NA,63.125,NA
"38","POT_6",33,1,22.77318641,NA,NA,90,NA,NA,30,8,9,13,49.5456349206349,3.00168825691602,30.3780123826975,NA,46.625,NA
"39","POT_7",29,2,17.7154195,29,73,66,1,4,57,14,23,20,84.0321959327931,1.52826837874071,42.5061289652943,NA,48.125,NA
"40","POT_8",22,1,21.67125803,59,67,91,4,5,40,11,15,14,68.848794467966,3.4258256252392,34.7252619646757,NA,70.1428571428571,NA
"41","POT_9",20,1,21.05263158,NA,NA,84,NA,NA,52,13,22,17,84.1715940336278,2.18143657870877,57.1467604872777,NA,66.25,NA
"42","VIE_1",24,2,21.9678575557868,59,58,NA,2,4,46,12,11,23,96.8253968253968,NA,NA,0.357142857142857,NA,-0.52341704141074
"43","VIE_10",20,1,18.7109492465502,67,85,NA,5,4,57,16,17,24,95.2380952380952,4.60541405868775,5.7952235772357,0,93.2291666666667,-3.96150479329456
"44","VIE_11",28,1,25.6543723973825,90,90,NA,4,4,53,11,16,26,80.9523809523809,2.70223623123679,82.7232412439613,0.666666666666667,96.6362847222222,0.819868546970449
"45","VIE_12",24,1,24.034609838167,39,79,NA,3,5,54,14,13,27,66.1375661375661,3.29103449253382,22.2196310116086,0.631578947368421,48.0902777777778,0.646175615187193
"46","VIE_13",29,2,27.6360544217687,70,90,NA,2,5,51,10,14,27,81.4814814814815,3.48686021501193,42.7308941831683,0.45,74.4140625,-0.241513333967603
"47","VIE_14",27,1,21.9898923652637,51,73,NA,3,4,58,11,18,29,88.8888888888889,3.65517836349937,26.4531855620155,0.555555555555556,64.1276041666667,0.162429372641286
"48","VIE_15",27,2,22.0931700542861,37,89,NA,3,5,57,13,16,28,86.2433862433862,3.88156379794344,35.6163194444444,0.41025641025641,83.1163194444444,-0.902451520042532
"49","VIE_16",25,2,24.8163265306122,33,74,NA,4,2,44,10,10,24,88.8888888888889,3.56039857727548,13.6042985232067,0.368421052631579,20.5729166666667,-0.70711192926781
"50","VIE_17",24,1,19.265306122449,77,87,NA,5,5,60,15,20,25,76.7195767195767,3.60571141644324,7.6817230713246,0.461538461538462,43.4895833333333,-0.271673415395686
"51","VIE_18",28,2,23.5478806907378,56,89,NA,3,4,55,12,14,29,94.1798941798942,4.44705331789095,17.3177083333333,NA,67.0572916666667,NA
"52","VIE_19",30,2,19.6232339089482,30,84,NA,2,4,50,14,15,21,51.3227513227513,4.27516525410578,20.1107687793427,0.548387096774194,50.78125,0.237202109328788
"53","VIE_2",24,1,23.8751147842057,60,74,NA,4,5,63,15,21,27,67.7248677248677,NA,NA,0.3,NA,-0.831800434806252
"54","VIE_20",25,1,28.9340689016627,46,70,NA,2,4,55,13,18,24,69.3121693121693,3.32503602069659,15.1680555555556,0.378378378378378,11.6319444444444,-0.698497074852427
"55","VIE_21",24,1,19.7231833910035,66,96,NA,5,5,58,12,19,27,44.973544973545,3.60049727499053,38.9929366438356,0.380952380952381,74.609375,-0.732391649024916
"56","VIE_22",26,2,22.9176097781802,51,84,NA,3,4,52,13,14,25,83.5978835978836,3.92794303738261,9.9152187637242,0.305555555555556,39.8871527777778,-0.961647194574017
"57","VIE_23",29,1,21.8870763653774,45,72,NA,2,4,47,12,9,26,92.0634920634921,3.87351315066627,31.3125,0.487179487179487,15.7986111111111,-0.0784124127331122
"58","VIE_24",24,1,19.4869614512472,49,71,NA,2,4,45,11,12,22,78.8359788359788,3.05322192712535,68.9658193170235,0.512820512820513,89.1493055555556,0.0696849203184557
"59","VIE_25",29,1,20.5714285714286,51,80,NA,3,4,51,13,14,24,76.7195767195767,3.84056140535448,6.5534332987347,0.606060606060606,52.1050347222222,0.277690439821577
"60","VIE_26",28,2,25.8264462809917,45,81,NA,2,4,57,15,15,27,86.2433862433862,4.41077604795987,76.4722222222222,0.615384615384615,4.86111111111111,0.584099004898427
"61","VIE_27",26,2,22.0931700542861,41,83,NA,2,2,55,13,17,25,62.4338624338624,3.66957670185941,18.9261642156862,0.41025641025641,57.1614583333333,-0.430158820158819
"62","VIE_28",37,1,22.3132784291452,75,75,NA,4,3,54,10,14,30,77.2486772486773,3.63692251629975,26.1545503618114,0.513513513513513,63.1293402777778,0.0307880689583194
"63","VIE_29",22,1,20.703125,58,76,NA,3,5,52,12,13,27,55.026455026455,2.45784472774504,46.3950411272924,0.461538461538462,57.0746527777778,-0.191176823529091
"64","VIE_3",23,1,26.5731292517007,60,86,NA,5,3,52,11,15,26,71.4285714285714,4.05554167221633,5.69645263267,0.483870967741935,51.0199652777778,-0.0695746969927267
"65","VIE_30",26,2,26.8744961031981,40,67,NA,4,4,59,16,15,28,74.6031746031746,4.53755827009063,27.7053671133445,0.461538461538462,64.7569444444445,-0.200232290101779
"66","VIE_31",25,1,19.9593554942662,47,76,NA,4,4,56,12,15,29,94.1798941798942,3.71791801009386,27.5514632936508,0.564102564102564,67.7300347222222,0.30529779433601
"67","VIE_32",25,1,20.1955782312925,35,61,NA,5,5,44,9,9,26,65.0793650793651,0.659889958803463,74.195628894081,0.564102564102564,75.1302083333333,0.337635829840257
"68","VIE_33",18,1,23.2550186382135,65,79,NA,1,4,57,15,19,23,77.7777777777778,1.63665047595898,40.1980064655172,0.538461538461538,44.3359375,0.189312526634546
"69","VIE_34",20,1,19.5918367346939,52,69,NA,1,4,57,12,20,25,47.0899470899471,0.974621908437392,80.7500085946095,0.351351351351351,82.4001736111111,-0.725363615835739
"70","VIE_35",18,1,20.0609544384862,59,78,NA,2,5,57,13,18,26,57.6719576719577,3.60136289903829,50.831886574074,0.358974358974359,86.4800347222222,-0.721998907838419
"71","VIE_36",20,2,19.4444444444444,30,89,NA,1,3,62,15,16,31,62.962962962963,0,77.9513888888889,0.615384615384615,77.9513888888889,0.555803480479416
"72","VIE_37",22,1,19.0311418685121,65,83,NA,4,5,56,15,14,27,99.4708994708995,4.03208763282059,1.3420277224436,0.378378378378378,54.0364583333333,-0.604841803913719
"73","VIE_38",22,1,20.0474456213038,44,70,NA,2,3,55,12,13,30,66.1375661375661,3.17114022256313,13.7972987751531,0.435897435897436,36.6319444444444,-0.308766539312634
"74","VIE_39",20,2,21.7982023948162,44,84,NA,2,5,58,14,18,26,92.5925925925926,2.92771503989587,39.0208417068596,0.444444444444444,56.7057291666667,-0.258803346591248
"75","VIE_4",28,1,18.4013429752066,65,68,NA,2,4,62,13,23,26,84.6560846560847,2.77091620136152,48.4164949123589,0.46875,63.3897569444445,-0.0991001206168472
"76","VIE_40",19,2,21.3668691431885,28,87,NA,5,5,60,12,22,26,97.8835978835979,4.06087039142051,5.983126721763,0.416666666666667,51.0416666666667,-0.872585898224671
"77","VIE_41",24,1,21.9713358572201,47,70,NA,1,4,54,11,16,27,61.3756613756614,3.72728343325022,7.7846567085954,0.461538461538462,48.3506944444445,-0.200232290101779
"78","VIE_42",21,1,18.4425458240807,51,70,NA,2,4,66,13,24,29,96.8253968253968,2.72321785589864,58.0797787659201,0.444444444444444,72.3090277777778,-0.791638607743375
"79","VIE_43",19,1,19.2570288155177,64,66,NA,4,4,58,14,20,24,61.9047619047619,3.44733853766001,21.1024305555555,0.4,51.5190972222222,-0.581400187066415
"80","VIE_44",18,1,19.3821446936434,57,70,NA,2,4,67,13,26,28,86.2433862433862,3.85823352336254,17.4319261695906,0,28.9496527777778,-2.56399971052951
"81","VIE_45",19,1,19.1570881226054,69,79,NA,2,4,54,12,16,26,95.7671957671958,4.17534834637519,42.96875,0.41025641025641,21.09375,-0.438741215042464
"82","VIE_46",21,2,19.2841490138787,47,75,NA,3,4,57,14,16,27,81.4814814814815,3.73613683737991,15.8705683479532,0.58974358974359,25.0651041666667,0.598450467847341
"83","VIE_47",26,1,19.5918367346939,38,75,NA,1,4,49,12,12,25,84.6560846560847,2.19399876808734,92.0289855072464,0.371428571428571,100,-0.601749299895718
"84","VIE_48",19,1,21.7079233920381,65,84,NA,3,5,54,14,12,28,97.3544973544974,3.83847431740533,26.2468434343434,0.594594594594595,71.7013888888889,0.498005511697966
"85","VIE_49",19,1,17.7154195011338,45,71,NA,3,5,68,19,19,30,77.7777777777778,3.83847431740533,0.727982954545503,0.487179487179487,44.7265625,-0.0696849203184557
"86","VIE_5",26,1,21.1072664359862,59,79,NA,1,4,49,12,14,23,71.4285714285714,0,99.9131944444444,0.0625,99.9131944444444,-1.35170223993066
"87","VIE_50",21,2,26.4235698242833,54,64,NA,3,5,61,16,20,25,77.7777777777778,3.70335747329459,14.0407986111111,0.41025641025641,53.6241319444444,-0.492380425876148
"88","VIE_51",20,1,20.5761316872428,64,73,NA,2,4,59,13,21,25,56.6137566137566,2.26324452247089,39.4109414013733,0.538461538461538,48.0251736111111,0.182354890983056
"89","VIE_52",22,2,21.4770866331982,59,70,NA,4,4,56,14,15,27,43.9153439153439,2.48107127113747,49.1153808402041,0.428571428571429,60.0694444444444,-0.429219230798927
"90","VIE_53",20,1,18.724173553719,62,75,NA,3,4,63,16,21,26,60.8465608465608,1.38629436111989,50.3203125,0.394736842105263,53.3203125,-0.507757790237168
"91","VIE_54",23,1,24.092970521542,54,76,NA,1,4,51,12,14,25,45.5026455026455,3.0407952623315,6.6623263888889,0.470588235294118,26.5842013888889,-0.119007015679114
"92","VIE_55",19,1,18.3391003460208,50,77,NA,4,4,58,14,16,28,71.4285714285714,3.7222838717756,3.9120889387145,0.472222222222222,44.2708333333333,-0.340544289712051
"93","VIE_56",24,2,18.312854442344,58,65,NA,3,4,60,14,21,25,65.6084656084656,3.94776984804231,19.1456056466303,0.166666666666667,69.9652777777778,-1.83545588124055
"94","VIE_57",19,1,19.9432125473229,58,77,NA,3,5,55,12,17,26,78.3068783068783,0.773489155032062,3.69379593601384,0.388888888888889,4.86111111111111,-0.633600994399472
"95","VIE_58",33,2,25.9259259259259,28,66,NA,4,4,47,12,9,26,93.6507936507936,4.00867908045583,27.8703703703703,0.243243243243243,81.9444444444444,-1.46073438186494
"96","VIE_59",19,1,19.265306122449,68,72,NA,2,5,52,12,15,25,75.1322751322751,3.81232021349018,22.3896461288416,0.307692307692308,66.6449652777778,-0.96490626488999
"97","VIE_6",25,1,20.4152249134948,56,72,NA,4,2,51,13,14,24,42.8571428571429,1.45784805346852,40.6269078144078,NA,43.9236111111111,NA
"98","VIE_60",19,1,17.3604413409976,51,69,NA,2,3,52,14,14,24,83.0687830687831,3.71846264987169,10.4934394193188,0.525,50.6944444444444,0.164837432358172
"99","VIE_61",20,1,20.1771485243323,59,64,NA,1,2,64,18,20,26,88.8888888888889,4.17507847434686,34.3791452091136,0.5,29.6657986111111,0
"100","VIE_62",21,2,26.8744961031981,49,84,NA,4,5,71,19,26,26,79.3650793650794,1.57210853934006,85.9401505513146,0.4,89.7569444444444,-0.935367841449199
"101","VIE_63",20,1,19.1326530612245,42,91,NA,5,5,62,14,22,26,92.0634920634921,3.05703041817909,56.0377661527166,NA,76.3020833333333,NA
"102","VIE_64",20,1,22.0580511886839,63,75,NA,4,5,63,14,19,30,63.4920634920635,1.94483948514147,30.8781503589263,0.382352941176471,36.8706597222222,-0.581735220973822
"103","VIE_65",21,1,19.6282647011697,51,80,NA,4,4,53,12,15,26,81.4814814814815,1.55814461804655,75.15625,0.4375,78.90625,-0.313676255463768
"104","VIE_66",20,1,21.0480476121353,62,86,NA,2,5,52,11,20,21,75.1322751322751,3.49034421375881,26.6880080325141,0.4,58.4852430555556,-0.486717041223533
"105","VIE_67",21,1,18.1448686311511,58,79,NA,4,5,59,12,17,30,53.968253968254,1.08028716854223,17.6942316526156,0.487179487179487,19.6397569444444,-0.0896423510757625
"106","VIE_68",18,1,20.1955782312925,55,82,NA,3,4,54,13,11,30,85.1851851851852,4.0679666460075,9.9013931932966,0.411764705882353,67.3394097222222,-0.443627095036772
"107","VIE_69",21,1,18.5901249256395,58,81,NA,4,4,60,13,22,25,58.7301587301587,3.44092525266766,23.972540717426,0.45,54.1883680555555,-0.241513333967603
"108","VIE_7",25,1,18.6851211072664,37,69,NA,2,4,61,16,19,26,60.3174603174603,3.59883317342915,23.4678819444445,0.371428571428571,12.0876736111111,-1.10211136011062
"109","VIE_70",19,1,18.5567732222261,59,77,NA,2,4,65,13,25,27,83.5978835978836,3.69027333200005,7.3500648247496,0.428571428571429,31.7057291666667,-0.35685022236863
"110","VIE_71",19,1,16.514731140177,63,70,NA,2,3,64,18,24,22,97.3544973544974,4.15765339501851,2.6348899812734,0.564102564102564,60.2864583333333,0.30529779433601
"111","VIE_72",19,1,21.5450907971684,59,98,NA,2,5,47,12,12,23,78.3068783068783,4.19886762324026,8.6946958270488,0.4,74.3055555555556,-0.482080787772054
"112","VIE_73",23,3,21.7775533392248,51,81,NA,1,4,47,12,7,28,42.3280423280423,4.31098049837957,0.726937875375398,0.675,74.2404513888889,0.863745512357216
"113","VIE_74",20,2,21.2200090538705,42,82,NA,2,4,53,16,11,26,64.5502645502646,2.19014490174816,59.6199156746032,0.425,67.5564236111111,-0.382323050539562
"114","VIE_75",22,1,22.038567493113,37,93,NA,2,5,68,18,21,29,82.010582010582,3.04452243772342,58.1901041666667,0.487179487179487,78.1901041666667,-0.104633455614075
"115","VIE_76",29,1,24.609375,33,80,NA,2,4,52,13,14,25,66.1375661375661,2.44463275065006,63.7141355994152,0.4,74.2404513888889,-0.470924511465259
"116","VIE_77",19,1,20.0796012764889,57,79,NA,2,5,52,14,15,23,67.1957671957672,3.70356698074335,40.7250035430839,0.125,80.3168402777778,-2.17964501747771
"117","VIE_78",20,1,18.8189243102864,58,83,NA,3,5,59,16,14,29,71.9576719576719,2.77982988349634,65.5477834302326,0.525,80.6640625,0.126635486289034
"118","VIE_79",23,1,22.206330686138,63,81,NA,5,4,56,13,15,28,76.7195767195767,3.90447162964228,0.924200433231398,0.5,47.6996527777778,0
"119","VIE_8",68,2,23.8884409806205,33,62,NA,2,4,56,11,16,29,98.4126984126984,0,66.6449652777778,0.363636363636364,66.6449652777778,-0.674489750196082
"120","VIE_80",NA,NA,NA,NA,NA,NA,NA,NA,NA,NA,NA,NA,59.7883597883598,3.81649057870658,12.6302083333334,0.5,57.0746527777778,0
"121","VIE_9",25,1,18.5077660037741,51,75,NA,3,4,48,12,13,23,68.2539682539683,3.95758507880177,25.5061457013097,NA,25.8246527777778,NA
