ID,gender,age,group,performer,shite,hayashi,control,experience,practice/week,art.not.noh,IAS.1,IAS.2,IAS.3,IAS.4,IAS.5,IAS.6,IAS.7,IAS.8,IAS.9,IAS.10,IAS.11,IAS.12,IAS.13,IAS.14,IAS.15,IAS.16,IAS.17,IAS.18,IAS.19,IAS.20,IATS.1,IATS.2,IATS.3,IATS.4,IATS.5,IATS.6,IATS.7,IATS.8,IATS.9,IATS.10,IATS.11,IATS.12,IATS.13,IATS.14,IATS.15,IATS.16,IATS.17,IATS.18,IATS.19,IATS.20,MAIA.1,MAIA.2,MAIA.3,MAIA.4,MAIA.5,MAIA.6,MAIA.7,MAIA.8,MAIA.9,MAIA.10,MAIA.11,MAIA.12,MAIA.13,MAIA.14,MAIA.15,MAIA.16,MAIA.17,MAIA.18,MAIA.19,MAIA.20,MAIA.21,MAIA.22,MAIA.23,MAIA.24,MAIA.25,exp.awa.1,exp.awa.2,exp.awa.3,exp.awa.4,exp.awa.5,exp.awa.6,exp.awa.7,exp.awa.8,exp.awa.9,exp.awa.10,exp.awa.11,exp.awa.12,exp.awa.13,exp.awa.14,personality.1,personality.2,personality.3,personality.4,personality.5,personality.6,self.mental,self.body,other.mental,other.body,missing,missing.reason,art.content,art.year,art.time/week
1,1,49,Shite,1,1,0,0,46,2,0,4,4,5,4,5,5,4,5,5,4,4,4,4,4,2,4,3,3,4,3,3,4,4,5,4,3,3,3,3,3,3,3,3,3,3,3,3,3,3,3,5,4,4,2,3,4,2,2,3,3,3,2,3,4,3,2,4,3,3,2,3,3,4,4,5,5,2,5,1,3,2,3,5,3,3,1,2,4,3,2,7,6,6,4,6,しっかり稽古をして　自信をもって緊張しないようにする,稽古をして　失敗しそうな所を何回もする,,,0,0,0,0,0
2,1,48,Shite,1,1,0,0,45,14,0,4,4,4,4,4,4,4,4,4,4,4,4,4,4,3,4,4,3,4,4,4,4,4,4,4,4,4,4,4,4,3,4,4,4,4,4,4,3,4,4,3,3,4,0,0,1,2,2,3,3,3,3,3,4,4,3,4,4,3,3,3,3,2,3,2,4,3,5,1,2,3,3,5,3,3,2,3,3,2,3,6,3,5,3,5,若い頃は稽古をすれば安心や自信につながっていたと思うのですが　年令を経るたびに，逆に不安がつのるようになってきました。イメトレであったり，又，ゴルフ好きの人がなにかと素振りをする様に，ちょっとした時間に動きをしたりして自分に安心を与えています。,数年前に交通事故にあって以来背中のハリが常にあり能を舞う前後に通院し身体のケアをしています。こちらも年と共に衰えていくものですから，通院で色々散らしながらと思っています。,私は思いつめる方だと思うのでなるべく他者とは必要以上には関わらない様にはしています。ただお話ししたりは好きなのでお話しはしますが，プライベートや深い所までは関わらないようにしています。,身体面については申し訳ございませんが特に思いつく事がないです。しいて言えば，痛めた時（身体や声）の対処法を先輩からアドバイスをもらったり，後輩にアドバイスする程度です。,0,0,0,0,0
3,1,52,Shite,1,1,0,0,49,20,0,4,4,5,4,4,4,4,3,4,3,3,4,4,5,4,3,4,3,4,3,3,3,3,3,3,3,3,2,3,3,3,2,2,4,4,4,3,3,3,3,4,4,5,3,3,5,4,4,4,4,4,4,4,3,4,4,5,4,4,5,3,4,5,5,5,4,5,5,1,3,3,4,5,3,3,3,3,3,3,5,6,5,5,4,5,できるだけ不安要素をなくした状態で舞台に上がりたい。不安があると，それが失敗（ミス）につながる。そのために稽古回数が大事である。,声をからさないように心がけている。のどが不調だと感じたら無理をしない。（声が出なくなれば舞台で演技ができなくなる。）,コミュニケーションは大事にしている。トラブルをおこさないよう努力し，舞台の上で，正常な協力関係を保たなければ，よい舞台成果は得られない。人間関係，信頼は最重要の要素である。,他者にケガをさせないように気を配っている。今日を無事に終え，明日も予定通りに舞台を勤めることが大切である。,0,0,0,0,0
4,1,48,Shite,1,1,0,0,30,15,1,4,4,4,5,3,4,3,5,4,5,5,5,5,4,3,4,4,5,4,4,4,4,5,4,4,5,4,4,5,5,5,5,4,4,4,5,4,5,4,4,5,4,4,3,3,4,4,4,4,4,4,3,4,3,5,4,1,2,3,5,4,4,5,2,5,5,5,5,1,1,2,3,5,4,3,2,2,2,2,4,5,7,4,6,3,限界を超えないように気をつかう　あぶないと思った時は冷静にどこがどんな状態かを見るようにしている,なるべく頭や心が動く前に体を動かすようにしている,その人がどんな状態か，回りがどんな状態かを聞く　又はそうぞうする,よく見，目や表情のへんかを見る,0,0,茶道,1.5,3
5,,,Shite,1,1,0,0,,,,5,5,5,5,5,5,5,5,5,5,4,5,5,5,4,5,5,3,5,5,3,4,4,4,4,4,3,3,4,4,4,4,4,5,5,5,5,4,4,4,4,3,4,1,1,4,4,4,5,4,4,4,4,3,5,4,4,3,5,4,4,4,4,4,5,5,2,5,1,4,2,4,5,3,3,1,3,4,2,,,,,,,舞台にて自然体で勤められる●，稽古を積むことで精神的な不必要なプレッシャーを除く。,体と心はつながっているのでできるだけ疲れのない形で舞台に立つ,必要以上の気をつかわない。,特になし。,1,IAS_TIPI_etc,0,0,0
6,1,23,Shite,1,1,0,0,21,15,0,4,2,4,4,5,3,3,2,4,3,4,4,4,3,2,4,2,2,4,4,2,4,5,4,4,3,4,3,4,2,3,3,3,4,4,4,4,4,5,4,5,5,4,4,1,5,4,4,5,4,5,3,4,4,5,4,5,5,4,3,5,3,4,4,4,5,4,5,1,2,3,4,5,4,3,3,4,4,2,5,6,6,4,3,6,自分がその舞台における人物のイメージを稽古より感情に注祝し解釈しようとしています。また舞台本番等で動揺を極力減らせる様稽古回数につとめます。,何度も何度も繰り返し，身体に覚えさせる様　稽古，特に苦手な部分の克服につとめます。,なるべく舞台前は普段通りに接っしリラックス状態で臨める様にしたいです。,すぐ身体に力が入るので息を深く落として，リラックスした状態が続く様に接します。,0,0,0,0,0
7,1,56,Shite,1,1,0,0,53,56,0,4,4,4,4,5,5,4,5,4,4,3,5,5,4,3,5,5,3,3,3,2,2,2,2,2,2,2,1,2,1,1,1,1,2,1,1,1,1,1,1,0,1,3,2,3,4,2,2,2,2,3,4,4,2,4,4,5,4,4,2,2,2,3,4,4,3,1,4,1,2,1,4,4,4,3,1,2,2,1,4,5,4,3,4,3,・平常心を保つ　・順応する　・とらわれない。　・美しいものを見，感じる。,・日頃からコンディションを調える。　・日常的に稽古をする。謡う，舞う。　・繰り返し動いてみる。,順応する。,反応する,0,0,0,0,0
8,1,48,Shite,1,1,0,0,28,18,1,4,4,4,4,4,4,4,3,3,3,3,3,4,4,3,4,4,3,3,3,4,2,4,4,4,4,3,3,3,3,3,4,1,4,4,4,4,3,3,3,2,3,5,3,1,4,3,2,4,4,4,4,4,4,4,1,1,1,1,1,3,3,4,4,4,3,3,3,3,5,3,2,2,3,2,3,3,4,3,4,4,4,4,4,4,稽古回数を増やして落ち着きがあるようにする　様々な（当日の客席や楽屋内などを）状態を考えて精神的に落ち着くようにする,稽古をする。集中出来ない時はしないが，動きに関しては稽古回数がそのまま状態として表れると思っている。,自分の内側に向かっていくよう促す。　その人の本質的なものを知りたい。,特になし,0,0,書道,5,1
9,1,27,Shite,1,1,0,0,15,14,0,4,4,5,5,5,5,4,4,4,5,4,4,4,3,3,4,3,3,4,4,3,3,3,4,4,3,4,3,3,3,4,4,4,4,3,4,3,3,3,4,3,3,4,2,2,3,2,2,2,2,2,2,3,2,2,2,3,4,2,2,2,2,4,4,4,,,,,,,,,,,,,,,4,5,3,5,3,4,・本番は通常通りにはいかない。　・稽古から本番の緊張感を持つ。,・常に安定した食事をとる。（健康的な生活を維持。）,・相手の意思を第一に。,・上記の自分自身に同じ,1,EXP,0,0,0
10,1,55,Shite,1,1,0,0,50,15,0,4,4,5,4,4,4,5,4,4,4,4,4,4,5,5,5,4,4,4,3,3,3,3,3,3,3,3,3,3,3,3,3,3,3,3,3,3,3,3,3,4,4,4,1,3,3,2,3,3,4,3,3,3,2,4,4,4,3,3,4,3,3,3,3,4,4,4,4,2,2,3,3,4,2,1,3,3,4,2,2,6,3,7,3,4,心配な所を繰り返し稽古し，それらを減らし無くして行く事で心の安定を図り少しでも表現豊かに出来る様にしています。,身体面においても心のバランスは欠かせないことですが，年齢を重ねて行く上で若い頃出来ていた事が難しくなってきているので　身体面においてなるべくバランスを保てる様，適度を運動を心がけています。,他者の置かれた状況を理解し，なるべく寄り添えられる様にとは想っている。,,0,0,0,0,0
11,1,54,Shite,1,1,0,0,51,30,0,5,4,5,4,5,5,5,5,5,5,5,5,5,4,3,5,3,3,4,4,4,3,4,4,5,5,5,5,5,5,5,5,5,5,5,5,5,3,4,4,2,4,4,4,2,4,4,4,4,3,4,4,5,4,5,2,3,2,4,3,3,3,3,3,4,4,2,4,1,4,2,3,5,3,2,3,4,4,3,6,4,6,4,4,6,稽古する=>落ち着く　観る=>考える,稽古する　観る,合わせる,様々なパターンを考える,0,0,0,0,0
12,1,46,Shite,1,1,0,0,31,2,0,4,4,4,4,4,4,4,4,4,4,4,4,4,4,4,4,4,4,4,4,4,4,4,4,4,4,4,4,4,4,4,4,4,4,4,4,4,4,4,4,4,4,3,1,2,3,3,3,4,4,4,3,4,3,3,3,3,3,3,3,3,4,4,4,4,3,2,3,1,3,2,3,4,3,3,2,3,3,3,,,,,,,神仏の信仰,体重維持・減少　体力維持運動,,,1,TIPI,0,0,0
13,2,47,Shite,1,1,0,0,20,13.5,0,5,4,4,3,3,3,4,5,5,4,3,4,4,3,2,4,3,2,3,3,3,3,3,3,3,3,3,3,3,3,3,3,3,3,2,2,3,3,3,3,3,4,3,4,2,5,2,2,2,3,3,4,4,1,,,4,3,3,4,4,4,3,3,4,4,3,3,3,4,2,3,4,3,2,4,4,4,4,6,6,5,3,3,7,直すらに鍛錬する。動揺しない心を持ち訓練。その為にもひたすらに稽古をする。,稽古に励む　何度も繰り返すこと。,ナーバスにならない様に気をつける。特に舞台前は，自分でも気づけない程に，不安定に（精神面）なりやすいので相手に対して普段以上に気遣いを持ち●●必要以上に接触しない。,特に思い当たりません。,1,MAIA,0,0,0
14,1,53,Shite,1,1,0,0,50,42,0,4,3,4,4,5,4,4,3,3,3,3,3,3,4,3,4,4,3,3,3,2,2,2,2,2,2,2,2,2,2,2,2,2,2,,3,2,2,2,2,2,5,1,3,3,5,3,3,,3,3,3,3,3,4,3,3,2,1,3,2,3,2,2,3,4,3,4,1,2,2,3,5,4,3,1,3,2,1,,,,,,,良い舞台になるため，穏やかに，四季の移ろいを感じながら自分に正直に暮らせるように努力したいと思っている。私生活，人間性が舞台に現れると考えているので，恥ずかしくない生き方をしたいと思う,歳とともに怪我や故障の箇所が増え，体力も落ちている実感があるので普段から体調に気をつけ，身体のメンテナンスを怠らずに仕事や生活をしていきたいと思う,心を乱される人間，尊敬出来ない人間とは関わりたくない。,,1,TIPI,0,0,0
15,1,37,Shite,1,1,0,0,34,1,0,4,4,4,3,4,4,2,2,3,3,3,3,3,4,1,1,4,2,2,2,4,4,3,2,4,,,,,,,,,,,,,,,,3,2,4,2,1,4,1,1,3,2,3,1,3,1,3,4,4,2,1,1,1,2,1,1,4,4,4,3,2,1,3,2,4,3,3,2,2,2,1,2,3,2,4,4,4,なるべく当日には緊張感を持たずに舞台に立ちたい。舞台にはいり込まず，客観的に自分を見つめる。,シテを舞うときには，しばらく前から，健康状態に気をつかう。,,,1,IATS,0,0,0
16,1,23,Shite,1,1,0,0,21,10,0,4,4,4,4,5,4,5,4,3,4,4,4,4,4,2,4,4,3,4,4,2,4,2,4,4,4,4,4,4,4,4,4,2,4,4,4,4,1,4,4,2,3,2,1,1,2,3,2,2,2,2,4,3,1,3,4,4,4,2,3,1,2,2,3,3,4,4,3,3,4,4,2,4,2,1,2,2,2,2,1,6,3,7,2,7,役に自分の心を寄せ，普段の自分から脱却するよう心がけている。,舞台を万全の状態で迎えられるよう，舞台前の食事や睡眠，入浴などに気を配っている。,舞台に臨む心構えや，昔からの教えなど，教えてもらうことを大切にしながら舞台に生かしていきたいと思っている。,型や足の運び方など，参考に出来る部分は多々あるので，よく観察して己の芸に生かせるように学べるよう心がけている。,0,0,0,0,0
21,1,70,Hayashi,1,0,1,0,65,2,0,4,5,5,4,5,5,5,4,4,4,4,4,4,4,4,4,4,,,,1,1,1,1,2,2,1,1,1,1,2,1,1,1,1,1,1,1,1,1,5,3,1,3,4,4,3,3,5,3,4,3,4,4,4,1,3,0,5,5,5,5,,5,5,3,3,5,1,3,,,,,,,,,,1,7,1,1,1,1,優しい人になりたい,美しくありたい,大人であって欲しい。,健康であって欲しい。　家庭円満であって欲しい。,1,IAS_EXP,0,0,0
22,1,62,Hayashi,1,0,1,0,58,10,0,4,4,4,4,4,4,4,4,4,4,4,4,4,4,4,4,4,4,4,4,3,3,3,3,4,4,3,3,3,3,3,3,3,4,4,4,4,3,2,2,3,3,3,2,2,3,3,4,3,3,3,2,3,2,4,3,4,4,3,3,4,2,4,4,3,3,3,1,3,2,2,2,3,2,2,2,3,4,2,1,6,4,7,4,6,自然体　品格よく　格調高く　冷静　美しく,自然体　品格よく　格調高く　冷静　美しく,自然体　品格よく　協調性　美しく　おだやか,自然体　品格よく　協調性　美しく　おだやか,0,0,0,0,0
23,1,49,Hayashi,1,0,1,0,45,50,0,4,4,4,4,4,4,4,4,4,4,4,4,4,4,4,4,4,4,4,4,3,3,3,3,3,3,3,3,3,3,3,3,3,3,3,3,3,3,3,3,5,5,5,5,5,5,5,5,5,5,5,5,5,5,5,5,5,5,5,5,5,5,5,5,5,5,1,5,1,1,1,5,5,5,5,1,5,5,1,3,5,3,5,4,1,なるべくおだやかにお舞台をつとめる用に心がけている。,ケガのない様に日常を過している,間のキャッチのわるい相手はつらい,,0,0,0,0,0
24,1,44,Hayashi,1,0,1,0,38,7,0,4,4,4,4,4,4,4,4,4,4,3,4,3,3,3,4,4,3,4,4,3,4,3,4,4,4,2,4,4,4,2,3,2,3,4,4,4,2,3,4,4,4,3,4,2,4,2,4,4,3,3,4,3,4,4,3,3,3,2,3,3,3,2,2,3,4,3,4,2,2,3,3,4,3,3,2,4,4,3,2,6,3,6,4,6,平常心でいることを心がける。,疲労を残さない様に暮らす。,過剰な思い，欲求を求めない様にする。,特になし。,0,0,0,0,0
25,1,54,Hayashi,1,0,1,0,48,14,1,2,4,2,4,3,4,4,3,3,3,5,4,4,3,1,1,2,1,4,3,1,4,1,3,3,4,2,4,4,1,3,3,3,1,1,1,1,1,1,3,4,1,1,4,4,5,2,2,2,3,4,4,3,1,2,4,4,4,3,2,0,2,2,2,4,4,3,5,1,2,2,3,5,3,4,1,3,2,1,5,2,5,3,6,4,何も考えていない　ただ集中するのみ,体調を常に整える　睡眠をしっかりとる,相手の気を感じるよう，心を向ける,特になし,0,0,大鼓の演奏と教授,39,50
26,1,37,Hayashi,1,0,1,0,25,3,1,3,4,3,4,4,4,4,3,4,4,3,3,3,4,3,4,4,4,3,3,3,3,3,3,3,3,3,3,3,3,3,3,3,4,3,3,3,3,3,3,2,5,2,2,2,2,2,2,2,2,1,2,2,1,2,1,2,1,2,1,1,2,1,1,1,2,2,2,2,2,2,2,2,2,2,2,2,5,5,6,5,6,4,5,4,無知,元気です,何もなし。,元気でいてほしい。,0,0,壬生狂言,28,1
27,1,25,Hayashi,1,0,1,0,15,7,0,4,4,4,4,4,4,4,3,4,2,4,4,4,2,2,3,3,2,3,3,2,4,4,4,4,2,2,2,2,3,2,2,3,3,2,3,4,2,2,2,4,4,4,3,2,3,4,4,4,4,4,2,2,2,3,3,4,2,4,4,3,4,4,4,4,4,4,4,2,4,3,3,4,4,3,2,3,4,2,2,6,5,5,3,4,熱くなっていてもどこかで冷静な部分を持つ,無駄な力を抜く,頼りすぎない,特になし,0,0,0,0,0
28,1,48,Hayashi,1,0,1,0,30,15,0,4,2,4,2,2,3,4,4,4,3,5,4,3,4,2,4,4,3,2,4,4,4,3,4,2,2,1,1,2,3,2,2,1,3,3,3,2,3,3,4,4,4,4,2,4,4,4,3,4,4,4,4,4,2,4,3,4,3,4,4,3,2,4,4,4,4,4,4,1,3,3,3,4,4,4,1,3,2,3,3,5,6,6,6,4,なるべく心穏やかに舞台に向かうために　日常の不快な要素を減らす。稽古，あるいは舞台関係の雑用等，日常の中で舞台に向かい合う時間を多く取るようにする。,・睡眠時間の確保　・ラジオ体操，縄跳びなど軽い運動を行う。　・体重の管理（正座をするので重くならないように）,相手の立場を思いやった発言，行動を心がけ，共演者に不快感を与えず　気持ちよく一つの舞台を作りあげられる様にする。,身だしなみを整える。,0,0,0,0,0
29,1,51,Hayashi,1,0,1,0,40,42,0,2,2,2,2,4,2,4,2,2,2,2,2,2,4,2,4,4,2,2,2,2,2,4,2,2,2,2,2,2,2,2,2,2,2,2,2,2,2,2,2,1,1,1,4,4,4,4,1,1,1,1,4,4,1,1,1,1,1,4,1,1,1,1,1,1,2,2,4,2,2,2,2,4,2,2,2,4,2,2,2,2,2,2,2,4,日頃の稽古の積み重ね,日頃の稽古の積み重ね,日頃の稽古の積み重ね,日頃の稽古の積み重ね,0,0,0,0,0
30,1,38,Hayashi,1,0,1,0,32,6,0,4,4,4,4,4,4,4,4,4,4,4,4,4,4,4,4,4,3,4,4,3,4,3,3,3,3,3,3,3,3,3,3,3,3,3,3,3,3,3,3,3,4,4,1,3,3,3,3,3,3,3,3,3,3,3,3,3,3,3,3,3,3,3,3,3,4,4,4,2,3,3,3,4,3,3,4,4,4,3,3,5,3,3,5,5,落ちついて舞台に出る,特になし,,,0,0,0,0,0
31,1,43,Hayashi,1,0,1,0,20,10,1,4,4,3,4,5,5,4,4,4,3,4,5,4,4,4,3,3,3,4,5,2,3,2,3,4,5,3,3,3,3,3,4,3,4,4,3,3,3,3,5,2,4,2,1,2,4,2,2,3,3,3,2,2,2,2,3,2,3,2,3,3,2,3,3,4,4,4,4,2,4,4,3,5,4,3,4,4,4,4,3,3,6,4,3,2,準備不足による不安感がほとんどであるので，やるべきことをした上で自信を持って舞台に臨むようにしている,体調を崩すことはほとんどないが筋力は落ちやすいのでトレーニングは欠かさず行っている,不条理なことの多い業界なので，あまり過剰に反応しないように心がけている。,無駄な付き合いによる身体疲労が溜まりがちなので嫌われてでも断ることにしている,0,0,描画,5,1
32,1,59,Hayashi,1,0,1,0,40,8,0,3,3,3,4,5,4,4,4,4,5,3,3,3,2,2,4,3,5,3,4,2,2,2,2,2,2,1,1,1,1,1,1,1,2,4,3,4,4,3,3,2,2,2,4,2,4,4,4,4,4,4,2,4,2,4,2,3,4,2,2,2,2,4,4,5,4,4,4,2,2,2,3,5,2,3,3,4,3,2,6,5,7,5,6,2,・落ちついていること　・切り替えられること　舞台に出たら,・これからはもう少し体の準備もと考えている　・健康・体調の管理,仲間の舞台前の状態（精神面）には少し気をつけている,特にありません,0,0,0,0,0
33,1,60,Hayashi,1,0,1,0,50,4,0,4,4,3,4,4,5,5,5,5,4,5,5,4,4,4,5,4,3,5,4,1,3,1,4,2,1,1,1,3,2,1,1,1,4,4,4,2,2,3,1,4,3,4,2,3,4,3,3,4,4,4,3,4,2,4,1,1,2,2,3,0,0,4,3,1,4,4,3,3,2,2,4,5,3,3,3,3,2,2,3,5,2,6,6,7,舞台にむけての準備を十分に行う。（自身の稽古）　本番中はどうしても力が入り逆効果となる事が多いので，心のコントロールを意識しています。脱力を必要とする為。,体調管理。長時間の舞台の前にはお手洗いに気を付けています。水分をとり過ぎない。低血糖を起こす事が有るので　舞台中に空腹にならない様気を付けています。,他人の言動で気分を悪くする事が無い様，あまり関心を持たない様にしています。又，他人を不快にさせる事の無い様言動には注意をしております。,特にありません,0,0,0,0,0
34,1,58,Hayashi,1,0,1,0,52,20,0,3,4,5,5,4,5,5,5,5,5,,,,,,,,,,,3,3,2,2,3,2,1,1,1,1,1,1,,3,3,3,4,2,1,1,4,4,3,0,0,0,5,5,5,5,5,4,3,3,4,4,5,3,0,0,0,0,1,1,3,1,2,2,4,3,2,2,2,2,10,3,1,5,1,2,6,3,1,1,6,曲を覚えるなど，舞台へのしっかりとした準備，反復して稽古することが，最も重要。それを怠れば心は落ち着かない,適度な運動（ウォーキング）とストレッチ，早い時間に就寝することを心がける,共演者によって大きな影響を受けるため，できるだけ平常心を保てるように心がけている,特になし,1,IAS,0,0,0
41,1,33,Control,0,0,0,1,0,0,0,4,4,3,5,5,5,5,5,4,4,4,4,4,3,2,5,3,2,2,3,2,3,2,2,3,3,2,2,3,2,2,2,2,1,3,3,2,1,3,2,2,3,2,1,1,1,2,2,2,2,2,1,2,3,3,4,4,3,2,3,3,3,3,4,2,,,,,,,,,,,,,,,2,6,3,5,4,6,,,,,0,0,,,
42,1,47,Control,0,0,0,1,0,0,0,4,5,5,5,5,5,5,5,5,5,5,5,5,4,4,5,5,3,5,4,2,4,2,4,2,2,1,1,1,4,4,1,1,4,3,2,4,3,1,1,2,4,4,0,1,4,2,4,4,2,3,5,2,3,1,1,4,2,4,1,1,1,3,5,4,,,,,,,,,,,,,,,3,2,5,6,6,4,,,,,0,0,,,
43,1,50,Control,0,0,0,1,0,0,0,5,5,5,5,4,4,4,4,4,5,5,4,4,4,5,5,5,5,5,4,2,5,2,4,2,2,2,2,2,4,3,2,2,1,2,2,2,2,2,5,4,4,4,2,1,3,4,1,2,4,4,5,4,1,4,4,4,4,5,4,4,4,4,3,4,,,,,,,,,,,,,,,1,7,5,6,5,7,,,,,0,0,,,
44,1,41,Control,0,0,0,1,0,0,0,4,4,4,4,3,3,4,4,4,4,4,3,4,4,2,4,4,3,3,3,2,3,2,2,2,3,2,2,2,2,4,2,2,2,2,2,3,4,2,2,2,3,3,2,3,3,2,2,3,2,2,2,2,3,3,3,2,2,2,2,2,2,3,2,3,,,,,,,,,,,,,,,4,2,6,3,5,1,,,,,0,0,,,
45,1,41,Control,0,0,0,1,0,0,0,5,2,4,4,4,5,5,4,5,5,4,5,2,4,2,2,2,1,1,2,2,2,1,4,5,2,1,1,1,2,2,1,2,1,2,2,2,1,1,1,2,3,3,1,1,3,1,0,1,2,2,0,2,3,1,2,0,1,0,0,0,1,2,1,4,,,,,,,,,,,,,,,1,7,2,6,2,6,,,,,0,0,,,
46,1,40,Control,0,0,0,1,0,0,0,5,4,5,4,5,4,4,5,5,4,4,4,4,4,2,4,4,4,5,4,2,5,1,4,3,2,1,1,1,4,2,2,1,1,3,2,4,2,4,3,3,4,4,3,2,4,1,2,4,3,4,2,4,3,4,5,4,4,3,3,2,4,3,4,4,,,,,,,,,,,,,,,2,6,3,3,5,6,,,,,1,AttCheck,,,
47,1,36,Control,0,0,0,1,0,0,0,2,4,4,4,5,5,5,5,5,5,4,4,4,4,2,4,4,3,2,3,1,3,2,2,3,2,1,1,1,3,3,2,1,3,3,3,3,2,1,2,2,3,1,2,2,3,2,1,2,2,2,2,2,1,2,3,4,2,1,2,0,2,2,2,2,,,,,,,,,,,,,,,6,4,6,2,5,4,,,,,0,0,,,
48,1,36,Control,0,0,0,1,0,0,0,3,5,5,4,5,5,5,4,4,4,4,4,4,4,1,4,4,3,2,3,1,3,2,2,3,2,2,1,1,3,2,2,1,3,3,3,3,1,1,2,3,4,2,3,1,1,1,2,1,2,2,2,4,1,3,4,4,3,1,4,1,3,3,3,3,,,,,,,,,,,,,,,4,5,4,3,6,5,,,,,1,AttCheck,,,
49,1,35,Control,0,0,0,1,0,0,0,4,4,4,5,4,4,4,5,5,4,4,4,4,4,3,4,4,3,4,3,2,3,2,4,4,4,2,4,4,2,3,4,4,4,4,2,3,2,2,2,2,3,4,2,2,3,2,2,2,3,3,2,2,1,3,1,2,2,1,2,2,1,3,3,4,,,,,,,,,,,,,,,3,6,5,5,5,3,,,,,0,0,,,
50,1,31,Control,0,0,0,1,0,0,0,4,5,4,2,5,5,5,3,4,5,4,5,2,4,1,5,4,1,4,5,2,4,2,1,5,5,4,2,4,2,3,5,2,2,4,5,4,1,4,5,1,3,4,2,3,3,1,0,0,2,3,2,3,1,4,3,1,0,4,2,3,2,1,3,1,,,,,,,,,,,,,,,1,7,2,7,1,6,,,,,0,0,,,
51,1,37,Control,0,0,0,1,0,0,0,4,5,5,4,5,5,5,5,4,5,5,4,4,4,2,5,4,4,3,4,2,3,2,3,3,2,1,1,1,3,2,2,1,2,4,3,4,2,1,1,3,4,4,3,3,4,2,2,2,1,2,1,3,1,3,4,4,3,1,3,0,3,4,4,4,,,,,,,,,,,,,,,6,3,6,2,5,2,,,,,0,0,,,
52,1,38,Control,0,0,0,1,0,0,0,2,5,3,4,4,5,4,4,3,4,5,4,3,4,2,3,3,2,2,1,2,5,2,4,3,4,3,1,1,3,4,2,1,3,2,3,3,4,2,2,2,3,2,3,3,3,1,2,2,2,2,1,1,2,1,3,2,3,2,2,1,2,3,3,3,,,,,,,,,,,,,,,2,4,4,6,5,7,,,,,0,0,,,
53,1,43,Control,0,0,0,1,0,0,0,2,5,2,5,5,4,5,4,4,4,3,4,4,3,2,5,4,1,2,3,1,4,1,4,3,2,1,1,1,3,2,1,1,2,4,2,3,2,2,2,3,4,2,1,2,3,3,4,3,3,3,1,2,1,2,3,3,2,3,1,1,1,2,3,4,,,,,,,,,,,,,,,3,2,5,5,7,6,,,,,0,0,,,
54,1,37,Control,0,0,0,1,0,0,0,4,4,4,3,5,5,4,4,4,4,3,4,4,4,1,4,4,2,1,3,1,2,2,1,2,1,1,1,1,3,1,1,1,2,4,2,3,1,1,1,2,3,2,4,4,4,2,2,2,2,2,1,3,1,3,2,2,2,1,3,0,2,2,1,2,,,,,,,,,,,,,,,3,5,3,6,6,6,,,,,0,0,,,
55,1,31,Control,0,0,0,1,0,0,0,4,4,4,4,4,4,3,2,4,4,4,4,4,4,3,4,4,3,4,4,2,4,3,4,4,4,3,3,4,4,4,3,3,4,4,4,3,3,4,4,2,3,3,3,3,3,3,3,2,3,3,2,2,2,3,2,2,3,3,3,3,3,3,3,4,,,,,,,,,,,,,,,4,5,3,6,6,3,,,,,0,0,,,
56,1,34,Control,0,0,0,1,0,0,0,4,5,4,5,5,5,3,5,5,5,4,5,5,5,5,5,5,1,4,4,2,5,2,4,4,3,3,2,1,4,2,5,5,4,2,2,4,1,2,2,5,5,3,1,3,3,3,4,4,4,4,4,4,3,4,2,3,4,4,4,2,3,1,2,5,,,,,,,,,,,,,,,2,7,2,7,7,7,,,,,0,0,,,
57,1,48,Control,0,0,0,1,0,0,0,4,3,3,2,3,3,3,3,3,2,3,3,3,2,2,3,3,3,3,3,4,3,3,2,3,3,3,3,3,3,3,3,3,4,3,2,3,2,3,3,2,2,2,3,3,3,3,2,2,2,2,2,2,2,2,2,2,1,3,2,2,1,2,2,2,,,,,,,,,,,,,,,2,3,5,5,5,4,,,,,0,0,,,
58,1,52,Control,0,0,0,1,0,0,0,4,5,4,5,5,5,5,5,5,5,4,5,5,5,5,5,5,3,4,4,2,2,1,4,4,4,3,1,1,2,2,1,1,2,2,2,2,1,1,1,1,4,3,2,1,3,3,4,1,2,3,2,2,0,4,4,4,4,4,2,1,2,1,1,3,,,,,,,,,,,,,,,2,7,4,4,3,5,,,,,0,0,,,
59,1,50,Control,0,0,0,1,0,0,0,4,4,4,5,5,4,5,4,4,3,5,4,4,5,3,4,4,2,3,3,2,3,1,2,2,2,1,1,1,1,1,1,1,1,1,1,3,1,1,1,1,2,1,2,1,3,1,2,0,1,1,0,2,1,1,0,1,0,1,1,0,0,2,2,1,,,,,,,,,,,,,,,2,7,3,4,2,6,,,,,0,0,,,
60,1,45,Control,0,0,0,1,0,0,0,4,4,5,4,5,5,4,4,4,5,4,4,4,3,3,5,3,3,3,3,1,3,2,3,2,2,1,1,1,2,1,2,2,2,1,1,2,2,2,2,2,4,3,3,2,2,2,2,2,1,2,3,2,1,2,3,1,2,2,1,1,1,3,3,3,,,,,,,,,,,,,,,2,5,4,6,6,6,,,,,0,0,,,
